index,published,keyword,domain,language,valid,title,description,url,image,archive,content,quote,de,en,la,added
b8691a89488b4a65e1fbf64afc2ddbad,2025-12-03T12:47:35Z,'Tsunami Tote',www.zeit.de,de,0.9,Tropensturm: Mehr als 1.400 Tote nach Überschwemmungen in Südostasien,Mit dem Zyklon Ditwah erlebt Indonesien die schlimmste Umweltkatastrophe seit dem Tsunami auf Sulawesi 2018. Auch Sri Lanka und Thailand sind schwer betroffen.,https://www.zeit.de/gesellschaft/zeitgeschehen/2025-12/suedostasien-indonesien-sri-lanka-hochwasser-zyklon,https://img.zeit.de/gesellschaft/2025-12/suedostasien-indonesien-sri-lanka-hochwasser-zyklon-bild/wide__1300x731,,In Südostasien sind nach den schweren Überschwemmungen mehr als 1.400 Leichen gefunden worden. Allein in Indonesien meldeten die Behörden 753 Tote und bezeichneten die Zerstörung durch die unerbittli… [+789 chars],,Tropensturm: Mehr als 1.400 Tote nach Überschwemmungen in Südostasien. Mit dem Zyklon Ditwah erlebt Indonesien die schlimmste Umweltkatastrophe seit dem Tsunami auf Sulawesi 2018. Auch Sri Lanka und Thailand sind schwer betroffen.,"Tropical storm: More than 1,400 dead after floods in Southeast Asia. With Cyclone Ditwah, Indonesia is experiencing the worst environmental disaster since the tsunami on Sulawesi in 2018. Sri Lanka and Thailand are also badly affected.","Tempestas tropica: Plus quam 1,400 mortuus est post diluvia in Asia Meridiana. Cum Cyclone Ditwah, Indonesia pessimam calamitatem environmental experitur cum tsunami in Sulawesi anno 2018. Sri Lanka et Thailandia etiam male affecti sunt.",2025-12-05 20:47:02+00:00
c43ed5e74bdd7ef3dfc65103be97c81f,2025-12-04T13:15:24Z,'Tsunami',t3n.de,de,0.9,Nasa-Satellit liefert detaillierten Blick auf Tsunami-Welle – was Forscher daran überrascht,"Erstmals haben Forscher:innen dank Satellitenaufnahmen einen detaillierten Blick auf eine riesige Tsunami-Welle im Pazifik werfen können. Was sich ihnen dabei offenbarte, hat die Expert:innen überrascht – die Erkenntnisse dürften aber künftig helfen. Ende Jul…",https://t3n.de/news/nasa-satellit-tsunami-welle-1719963/,https://cdn.t3n.de/news/wp-content/uploads/2025/12/Tsunami-Welle-shutterstock_2499399123.jpeg?class=content,,"Ende Juli 2025 kam es vor der russischen Halbinsel Kamtschatka zu einem Erdbeben mit der Stärke 8,8  eines der stärksten Beben des Jahrhunderts. Die bis zu vier Meter hohe Tsunami-Welle traf Russland… [+3823 chars]",,"Nasa-Satellit liefert detaillierten Blick auf Tsunami-Welle – was Forscher daran überrascht. Erstmals haben Forscher:innen dank Satellitenaufnahmen einen detaillierten Blick auf eine riesige Tsunami-Welle im Pazifik werfen können. Was sich ihnen dabei offenbarte, hat die Expert:innen überrascht – die Erkenntnisse dürften aber künftig helfen. Ende Jul…","NASA satellite provides detailed view of tsunami wave - what surprises researchers about it. For the first time, researchers have been able to take a detailed look at a huge tsunami wave in the Pacific thanks to satellite images. What they discovered surprised the experts - but the findings are likely to help in the future. End of July…",SATELLES NASA accuratiorem conspectum tsunami undae praebet - quid investigatores de ea opprimit. Primum investigatores singillatim spectare potuerunt ingens tsunami undam in Pacifico per imagines satellites gratiae. Id quod invenerunt periti mirentur - sed inventa sint in futurum adiuvare. Finis mensis Iulii…,2025-12-06 20:44:05+00:00
f55a27f2ba2cb721a4244dbde3136876,2025-12-05T13:10:00Z,'Tsunami',www.welt.de,de,0.9,„Da kommt ein doppelter Tsunami auf uns zu“,"Die Gesundheitsbranche steht in Hamburg für etwa zehn Prozent der gesamten Wirtschaftsleistung, das fachliche Netzwerk ist stark, stellt die Handelskammer Hamburg fest. Personalmangel und überbordende Bürokratie seien allerdings systembedrohende Risiken, sagt…",https://www.welt.de/regionales/hamburg/article6932c3d3f4bf598c0697adfc/gesundheitswirtschaft-da-kommt-ein-doppelter-tsunami-auf-uns-zu.html,https://images.welt.de/6932c3d3f4bf598c0697adfc/365bff1d78b9436b6d14f4112e60c364-master/ci16x9-w1200/508150838,,"Hamburg hat ein starkes Fundament bei der Medizintechnik und der Gesundheitsversorgung: Kliniken und Forschungsinstitute, Pflegeeinrichtungen und zahlreiche Unternehmen der Gesundheitswirtschaft bild… [+5060 chars]",,"„Da kommt ein doppelter Tsunami auf uns zu“. Die Gesundheitsbranche steht in Hamburg für etwa zehn Prozent der gesamten Wirtschaftsleistung, das fachliche Netzwerk ist stark, stellt die Handelskammer Hamburg fest. Personalmangel und überbordende Bürokratie seien allerdings systembedrohende Risiken, sagt…","“There’s a double tsunami coming our way.” The healthcare industry accounts for around ten percent of total economic output in Hamburg, and the professional network is strong, according to the Hamburg Chamber of Commerce. However, a lack of personnel and excessive bureaucracy are system-threatening risks, says...","""Duplex tsunami est via nostra veniens."" De industria sanitatis rationes circiter decem centesimas totali oeconomici in Hamburg, et in retis professionalibus validum est secundum Hamburgum commercii. Sed defectus personarum et nimia officialitas sunt systema minaces periculorum, dicit...",2025-12-06 20:44:05+00:00
dd8e3a2d54abf9baf7e36a55ab7e8c47,2025-12-07T05:05:00Z,'Tsunami',t3n.de,de,0.9,"Gängige Theorie widerlegt: Nasa-Satellit zeigt, wie sich Tsunamis wirklich ausbreiten","Erstmals haben Forscher:innen dank Satellitenaufnahmen einen detaillierten Blick auf eine riesige Tsunami-Welle im Pazifik werfen können. Was sich ihnen dabei offenbarte, hat die Expert:innen überrascht – die Erkenntnisse dürften aber künftig helfen. Ende Jul…",https://t3n.de/news/tsunami-welle-nasa-satellit-1719963/,https://cdn.t3n.de/news/wp-content/uploads/2025/12/Tsunami-Welle-shutterstock_2499399123.jpeg?class=content,,"Ende Juli 2025 kam es vor der russischen Halbinsel Kamtschatka zu einem Erdbeben mit der Stärke 8,8  eines der stärksten Beben des Jahrhunderts. Die bis zu vier Meter hohe Tsunami-Welle traf Russland… [+3823 chars]",,"Gängige Theorie widerlegt: Nasa-Satellit zeigt, wie sich Tsunamis wirklich ausbreiten. Erstmals haben Forscher:innen dank Satellitenaufnahmen einen detaillierten Blick auf eine riesige Tsunami-Welle im Pazifik werfen können. Was sich ihnen dabei offenbarte, hat die Expert:innen überrascht – die Erkenntnisse dürften aber künftig helfen. Ende Jul…","Common theory refuted: NASA satellite shows how tsunamis really spread. For the first time, researchers have been able to take a detailed look at a huge tsunami wave in the Pacific thanks to satellite images. What they discovered surprised the experts - but the findings are likely to help in the future. End of July…",Communia theoria refutatur: NASA satelles ostendit quomodo tsunamis vere divulgatur. Primum investigatores singillatim spectare potuerunt ingens tsunami undam in Pacifico per imagines satellites gratiae. Id quod invenerunt periti mirentur - sed inventa sint in futurum adiuvare. Finis mensis Iulii…,2025-12-08 08:57:03+00:00
0dbeea08254266a096d94e6ab607d927,2025-12-08T15:11:20Z,'Tsunami',www.tagesspiegel.de,de,0.9,Nach starkem Erdbeben: Japan hebt Warnung vor Tsunami auf,"Vor der Küste Japans kam es am Montag zu einem schweren Erdbeben, die Behörden forderten vorsorglich Zehntausende Menschen zur Evakuierung auf. Letztlich gab es aber Entwarnung.",https://www.tagesspiegel.de/gesellschaft/panorama/nach-starkem-erdbeben-japan-hebt-warnung-vor-tsunami-auf-15031673.html,https://www.tagesspiegel.de/images/15031672/alternates/BASE_16_9_W1400/1765206680000/taifun-in-japan.jpeg,,"Ein schweres Erdbeben der Stärke 7,5 hat am Montag den Nordosten Japans erschüttert. Die Behörden gaben zunächst eine Tsunami-Warnung aus und forderten rund 90.000 Anwohner zur Evakuierung auf, hoben… [+947 chars]",,"Nach starkem Erdbeben: Japan hebt Warnung vor Tsunami auf. Vor der Küste Japans kam es am Montag zu einem schweren Erdbeben, die Behörden forderten vorsorglich Zehntausende Menschen zur Evakuierung auf. Letztlich gab es aber Entwarnung.","After strong earthquake: Japan lifts tsunami warning. There was a severe earthquake off the coast of Japan on Monday, and the authorities asked tens of thousands of people to evacuate as a precaution. Ultimately, however, the all-clear was given.",Post terrae motus validus: Iaponia tsunami monitum erigit. Terrae motus gravis inter oram Iaponiae die Lunae factus est et auctores decem milia hominum ad cautelam evacuandam petiverunt. Ultimo autem omnia data sunt manifesta.,2025-12-09 20:43:51+00:00
889716c72a0a3ea38467ee6e2209ac74,2025-12-08T14:37:00Z,'Tsunami Warnung',www.stern.de,de,0.9,"Stärke 7,6: Schweres Erdbeben im Norden von Japan – Tsunami-Warnung herausgegeben","Am späten Abend erschüttert ein schweres Erdbeben den Norden der japanischen Insel Honshu. Auf der Richterskala erreicht es eine Stärke von 7,6. Behörden warnen vor Tsunami-Wellen.",https://www.stern.de/panorama/weltgeschehen/japan--schweres-erdbeben-im-norden-des-landes---tsunami-warnung-36940686.html,https://image.stern.de/35206584/t/jq/v2/w1440/r1.7778/-/eil-blanko-neu.png,,"Kopiere den aktuellen Link
Zur Merkliste hinzufügen
Am späten Abend erschüttert ein schweres Erdbeben den Norden der japanischen Insel Honshu. Auf der Richterskala erreicht es eine Stärke von 7,6. … [+568 chars]",,"Stärke 7,6: Schweres Erdbeben im Norden von Japan – Tsunami-Warnung herausgegeben. Am späten Abend erschüttert ein schweres Erdbeben den Norden der japanischen Insel Honshu. Auf der Richterskala erreicht es eine Stärke von 7,6. Behörden warnen vor Tsunami-Wellen.","Magnitude 7.6: Severe earthquake in northern Japan – tsunami warning issued. Late in the evening, a severe earthquake shook the north of the Japanese island of Honshu. On the Richter scale it reaches a magnitude of 7.6. Authorities warn of tsunami waves.",Magnitudo 7.6: Gravis terrae motus in Iaponia septentrionali – tsunami admonitio edita est. Sero vespere terrae motus gravis in insula Honshu septentrionem Iaponica concussit. In libra Richter ad magnitudinem 7.6 pervenit. Auctoritates de tsunami fluctus monent.,2025-12-11 03:47:08+00:00
ebea3e2bf4087c351cbbc86de5c35dce,2025-12-08T14:39:50Z,'Tsunami',www.focus.de,de,0.9,"Stärke 7,2! Heftiges Erdbeben vor Japans Küste - Behörden warnen vor Tsunami","Vor Japans Küste ist es am Montag zu einem heftigen Erdbeben der Stärke 7,2 gekommen. Die Behörden sprachen umgehend eine Tsunami-Warnung aus.",https://www.focus.de/panorama/welt/staerke-7-2-heftiges-erdbeben-vor-japans-kueste-behoerden-warnen-vor-tsunami_7dbc5b0c-8e0e-48bc-8b38-88e8851d58a5.html,https://quadro.burda-forward.de/ctf/dbcdfdb7-d533-4835-b7d3-8ef044fb65df.c864ebbc-f3e2-48cd-bd07-236379de78c3.jpeg?im=RegionOfInterestCrop%3D%281200%2C630%29%2CregionOfInterest%3D%28638%2C456%29&hash=c5588e27c87b7ec4403d39b30c3443c7e0a7cbe320e43f0cc93c8b26f88810ee,,"Wie die japanische Meteorologie-Behörde meldet, hat ein Erdbeben der Stärke 7,2 die Küste Japans erschüttert. Daraufhin sprach die Behörde eine Tsunami-Warnung für die Region aus. Es werde mit Wellen… [+229 chars]",,"Stärke 7,2! Heftiges Erdbeben vor Japans Küste - Behörden warnen vor Tsunami. Vor Japans Küste ist es am Montag zu einem heftigen Erdbeben der Stärke 7,2 gekommen. Die Behörden sprachen umgehend eine Tsunami-Warnung aus.",Strength 7.2! Violent earthquake off Japan's coast - authorities warn of tsunami. A powerful 7.2 magnitude earthquake struck off the coast of Japan on Monday. The authorities immediately issued a tsunami warning.,Fortitudo 7.2! Vehemens terrae motus off oram Iaponiae - auctoritates de tsunami monent. Magnitudo terrae motus potens 7.2 die Lunae oram Iaponiae percussit. Auctoritates statim denuntiaverunt tsunami admonitionem.,2025-12-11 03:47:08+00:00
d87d59ce316176a1b733b4a459dad17d,2025-12-08T14:48:21Z,'Tsunami',www.bild.de,de,0.9,Krisenstab nach Seebeben eingerichtet - Tsunami-Warnung in Japan!,"Japans Behörden schlagen nach einem Seebeben der Stufe 7,2 Alarm: Für das Gebiet rund um die nördliche Präfektur Aomori wurde eine Tsunami-Warnung ausgeg...",https://www.bild.de/news/ausland/krisenstab-nach-seebeben-eingerichtet-tsunami-warnung-in-japan-6936e4309f2b81ad2aca0813,"https://images.bild.de/6936e4309f2b81ad2aca0813/90a3bcf80118b730398c0bf8b0ad2b1c-landscape,68ebb564?w=1280",,"+++Tsunami-Warnung nach starkem Seebeben in Japan!
+++Tsunami-Warnung nach starkem Seebeben in Japan!
+++Tsunami-Warnung nach starkem Seebeben in Japan!
+++Tsunami-Warnung nach starkem Seebeben in… [+318 chars]",,"Krisenstab nach Seebeben eingerichtet - Tsunami-Warnung in Japan!. Japans Behörden schlagen nach einem Seebeben der Stufe 7,2 Alarm: Für das Gebiet rund um die nördliche Präfektur Aomori wurde eine Tsunami-Warnung ausgeg...",Crisis team set up after seaquake - tsunami warning in Japan! Japanese authorities are sounding the alarm after a magnitude 7.2 earthquake: a tsunami warning has been issued for the area around the northern prefecture of Aomori...,Discrimen quadrigis statuit post motus maris - tsunami admonitio in Iaponia! Auctoritates Iaponicae terrorem post magnitudinem 7.2 terrae motu cecinerunt: monitum tsunami pro area circa praefecturam septentrionalem Aomori edita est.,2025-12-11 03:47:08+00:00
ea0c1c694b2fdfac7ee51aa9b01e0a80,2025-12-08T14:50:20Z,'Tsunami Warnung',www.morgenpost.de,de,0.9,Schweres Erdbeben in Japan – Behörden warnen vor Tsunami,"Nachdem ein Erdbeben die Nordostküste Japans erschüttert hat, haben die Behörden eine Tsunami-Warnung herausgegeben.",https://www.morgenpost.de/panorama/article410657035/schweres-erdbeben-in-japan-behoerden-warnen-vor-tsunami.html,https://img.sparknews.funkemedien.de/408301281/408301281_1765205420_v16_9_1600.jpeg,,"Erhöhte Tsunami-Gefahr in Japan: Ein Erdbeben der Stärke 7,6 hat die Nordostküste Japans erschüttert. Wie die japanische Zeitung Asahi Shimbun berichtet, haben die Behörden nun eine Tsunami-Warnung h… [+914 chars]",,"Schweres Erdbeben in Japan – Behörden warnen vor Tsunami. Nachdem ein Erdbeben die Nordostküste Japans erschüttert hat, haben die Behörden eine Tsunami-Warnung herausgegeben.",Severe earthquake in Japan – authorities warn of tsunami. Authorities have issued a tsunami warning after an earthquake struck Japan's northeast coast.,Gravis terrae motus in Iaponia - auctoritates tsunami monent. Auctoritates ediderunt tsunami monitum post terrae motum oram septentrionalem Iaponiae percussisse.,2025-12-11 03:47:08+00:00
9b1042585d011492acf88ed3c9750bc1,2025-12-08T14:50:40Z,'Tsunami',orf.at,de,0.9,Tsunami-Warnung für Japans nach starkem Erdbeben,,https://orf.at/stories/3413820/,https://orf.at/mojo/1_4_1/storyserver//news/common/images/og-fallback-news.png,,"Die japanischen Behörden haben nach einem Erdbeben der Stärke 7,6 heute vor der Küste der Präfektur Aomori eine Tsunami-Warnung ausgegeben.
Gerechnet wird mit einer bis zu drei Meter hohen Flutwelle… [+52 chars]",,Tsunami-Warnung für Japans nach starkem Erdbeben. None,Tsunami warning for Japan after strong earthquake. None,Tsunami admonitio Iaponiae post terraemotus fortis. Nullus,2025-12-11 03:47:08+00:00
df3db7e7f3d64ef6597e9c9a28a100d4,2025-12-08T15:03:41Z,'Tsunami Warnung',www.n-tv.de,de,0.9,"Stärke 7,6: Tsunami-Warnung nach Erdbeben vor Japan",In der Nacht bebt die Erde vor der Küste Japans. Die Behörden sind angesichts der Stärke alarmiert und warnen die Bevölkerung in drei Präfekturen vor einem möglichen Tsunami.,https://www.n-tv.de/panorama/Tsunami-Warnung-nach-Erdbeben-vor-Japan-id30119095.html,https://www.n-tv.de/img/30119104/1765209670/Img_16_9/1200/A-TV-monitor-shows-the-earthquake-that-struck-off-the-coast-of-Aomori-Prefecture-Japan-on-December-8-2025-Around-11-15-pm-on-the-same-day-an-earthquake-with-its-epicenter-off-the-east-coast-of-Aomori-Prefecture-occurred-According-to-the-Japan-Meteorological-Agency-the-epicenter-was-estimated-to-be-about-50-km-deep-and-the-earthquake-s-magnitude-was-7-6-on-the-Richter-scale-The-quake-registered-a-seismic-intensity-of-6-in-Hachinohe-City-Aomori-Prefecture-and-6-in-Oirase-Town-and-Hashikami-Town-Aomori-Prefecture-Tsunami-warnings-have-been-issued-for-the-Pacific-coast-of-Aomori-Prefecture-the-Pacific-coast-of-Hokkaido-and-Iwate-Prefecture.jpg,,"Unter anderem im TV warnen die Behörden in Japan vor der Tsunami-Gefahr. (Foto: picture alliance / ASSOCIATED PRESS)
In der Nacht bebt die Erde vor der Küste Japans. Die Behörden sind angesichts der… [+707 chars]",,"Stärke 7,6: Tsunami-Warnung nach Erdbeben vor Japan. In der Nacht bebt die Erde vor der Küste Japans. Die Behörden sind angesichts der Stärke alarmiert und warnen die Bevölkerung in drei Präfekturen vor einem möglichen Tsunami.",Magnitude 7.6: Tsunami warning after earthquake off Japan. At night the earth trembles off the coast of Japan. The authorities are alarmed by the strength and are warning the population in three prefectures of a possible tsunami.,Magnitudo 7.6: Tsunami admonitio terrae motus off Iaponiae. Nocte terra tremit oram Iaponiae. Auctores viribus terrentur et monent multitudinem in tribus praefecturis possibilem tsunami.,2025-12-11 03:47:08+00:00
b81abddbae2e3ecde0ab361b24db6dac,2025-12-08T15:22:05Z,'Tsunami Warnung',www.diepresse.com,de,0.9,"Warnung vor Tsunami nach Beben der Stärke 7,6 vor Japan","Die japanische Wetterbehörde spricht für die Präfekturen Hokkaido, Aomori und Iwate eine Tsunamiwarnung aus.",https://www.diepresse.com/20387132/warnung-vor-tsunami-nach-beben-der-staerke-7-6-vor-japan,https://www.diepresse.com/assets_v2/images/diepresse_nachrichten.png,,"Die japanische Wetterbehörde spricht für die Präfekturen Hokkaido, Aomori und Iwate eine Tsunamiwarnung aus. 
Nach einem schweren Erdbeben vor der Küste Japans ist eine Tsunami-Warnung für den Nordo… [+499 chars]",,"Warnung vor Tsunami nach Beben der Stärke 7,6 vor Japan. Die japanische Wetterbehörde spricht für die Präfekturen Hokkaido, Aomori und Iwate eine Tsunamiwarnung aus.","Tsunami warning after magnitude 7.6 quake off Japan. The Japanese Meteorological Agency has issued a tsunami warning for the prefectures of Hokkaido, Aomori and Iwate.","Tsunami admonitio cum magnitudine 7.6 Iaponia commota est. Procuratio Meteorologica Iaponicae monitum tsunami de praefecturis Hokkaido, Aomori et Iwate denuntiavit.",2025-12-11 03:47:08+00:00
d350824d9d670caf8fd4b7ac4d3bbe5a,2025-12-08T15:35:34Z,'Tsunami Warnung',www.rtl.de,de,0.9,Nach schwerem Erdbeben: Tsunami-Warnung in Japan,"Nachdem das Land ein schweres Erdbeben übersteht, könnte nun bereits die nächste Naturkatastrophe folgen. Die Behörden warnen vor einem Tsunami!",https://www.rtl.de/news/nach-schwerem-erdbeben-tsunami-warnung-in-japan-id30119213.html,https://www.rtl.de/img/30119189/1765211094/c16_9/1200/epi_200345383_dpa-bf_dpa-5f9a480070920f03jpg_taifun-in-japan.webp,,"Nach Erdbeben der Stärke 7,6Tsunami-Warnung in Japan
Japan bereitet sich auf einen Taifun vor. (Symbolbild)
dpa
8. Dezember 2025um16:32Uhr
Große Sorgen in Japan!Nachdem das Land ein schweres Erdb… [+1528 chars]",,"Nach schwerem Erdbeben: Tsunami-Warnung in Japan. Nachdem das Land ein schweres Erdbeben übersteht, könnte nun bereits die nächste Naturkatastrophe folgen. Die Behörden warnen vor einem Tsunami!","After a severe earthquake: Tsunami warning in Japan. Now that the country has survived a severe earthquake, the next natural disaster could now follow. Authorities warn of a tsunami!","Post terrae motus gravis: Tsunami admonitio in Iaponia. Nunc, quod terrae motu gravi superfuerat, nunc cladem naturalem proximam sequi potuit. Auctoritates monent de tsunami!",2025-12-11 03:47:08+00:00
89ca7c150e6408aec2c8e7ff6e73067f,2025-12-08T15:39:24Z,'Tsunami Warnung',www.faz.net,de,0.9,Wellen Gesichtet: Schweres Erdbeben und Tsunami-Warnung in Japan,"Der Norden Japans bangt vor einem Tsunami, der auf die Küste zurollen soll. Zuvor hatte es ein schweres Erdbeben gegeben, das in weiten Teilen des Landes zu spüren war.",https://www.faz.net/aktuell/gesellschaft/ungluecke/schweres-erdbeben-und-tsunami-warnung-in-japan-accg-200337307.html,https://media0.faz.net/image/w1200h627/d5810194ddd9/w4930h2575x0y331o/202512/43601.0.1562724913/die-wellen-koennten-bis-zu.webp,,"Ein schweres Erdbeben hat am späten Montagabend den Norden Japans erschüttert. Die Behörden warnen aktuell vor einem bis zu drei Meter hohen Tsunami, der die Küste erreichen könnte. Hohe Wellen seien… [+1735 chars]",,"Wellen Gesichtet: Schweres Erdbeben und Tsunami-Warnung in Japan. Der Norden Japans bangt vor einem Tsunami, der auf die Küste zurollen soll. Zuvor hatte es ein schweres Erdbeben gegeben, das in weiten Teilen des Landes zu spüren war.",Waves Spotted: Severe Earthquake and Tsunami Warning in Japan. The north of Japan fears a tsunami that is expected to roll towards the coast. There had previously been a severe earthquake that was felt across large parts of the country.,Fluctus maculosus: Gravi Terraemotus et Tsunami Admonitio in Iaponia. Septentrionalis Iaponiae timet tsunami quod expectatur volvere versus litus. Antea terrae motus gravis erat qui per magnas regiones partes sensit.,2025-12-11 03:47:08+00:00
aba0ef2b8aa9dfe9dc9d23af41abd97c,2025-12-08T15:40:06Z,'Tsunami Warnung',www.welt.de,de,0.9,Starkes Erdbeben vor der Küste Japans – Behörden warnen vor Tsunami,"Vor der Küste Japans kommt es zu einem schweren Erdbeben der Stärke 7,2. Die Behörden warnen vor bis zu drei Meter hohen Wellen. Betreiber der Atomkraftwerke der betroffenen Gegend führen Sicherheitsüberprüfungen durch.",https://www.welt.de/vermischtes/article6936eae09f2b81ad2aca08e8/japan-starkes-erdbeben-vor-der-kueste-behoerden-warnen-vor-tsunami.html,https://images.welt.de/6936eae09f2b81ad2aca08e8/e10cb23030a967deb95b8ad67f987d12-master/ci16x9-w1200/afp-87fp9l2-jpg,,"Vor der Küste Japans kommt es zu einem schweren Erdbeben der Stärke 7,2. Die Behörden warnen vor bis zu drei Meter hohen Wellen. Betreiber der Atomkraftwerke der betroffenen Gegend führen Sicherheits… [+1493 chars]",,"Starkes Erdbeben vor der Küste Japans – Behörden warnen vor Tsunami. Vor der Küste Japans kommt es zu einem schweren Erdbeben der Stärke 7,2. Die Behörden warnen vor bis zu drei Meter hohen Wellen. Betreiber der Atomkraftwerke der betroffenen Gegend führen Sicherheitsüberprüfungen durch.",Strong earthquake off the coast of Japan – authorities warn of tsunami. A massive 7.2 magnitude earthquake occurs off the coast of Japan. The authorities warn of waves up to three meters high. Operators of nuclear power plants in the affected area are carrying out safety checks.,Terrae motus validus a litore Iaponiae – tsunami auctoritates monent. Magnitudo terrae motus ingens 7.2 in litore Iaponiae occurrit. Auctoritates fluctus usque ad tria metra alta monent. Operatores plantarum potentiae nuclearis in area affectata obeundo salutem impediunt.,2025-12-11 03:47:08+00:00
2183ae6b328846b7663bcf4ef323fb5e,2025-12-08T16:20:45Z,'Tsunami Warnung',www.tagesschau.de,de,0.9,Japan: Erdbeben vor Hokkaido löst Tsunami-Warnung aus,"Nach einem schweren Erdbeben vor der Küste ist eine Tsunami-Warnung für den Nordosten Japans ausgegeben worden. Die Welle könne bis zu drei Meter hoch werden, warnte die japanische Meteorologiebehörde.",https://www.tagesschau.de/ausland/asien/japan-erdbeben-hokkaido-tsunamiwarnung-100.html,https://images.tagesschau.de/image/2388b018-5039-426a-8bfa-7e4c4f57d390/AAABmv6bZQE/AAABmt42H9g/16x9-big/warnung-tsunami-japan-102.jpg?width=1280,,"Stand: 08.12.2025 17:20 Uhr
Nach einem schweren Erdbeben vor der Küste ist eine Tsunami-Warnung für den Nordosten Japans ausgegeben worden. Die Welle könne bis zu drei Meter hoch werden, warnte die … [+1230 chars]",,"Japan: Erdbeben vor Hokkaido löst Tsunami-Warnung aus. Nach einem schweren Erdbeben vor der Küste ist eine Tsunami-Warnung für den Nordosten Japans ausgegeben worden. Die Welle könne bis zu drei Meter hoch werden, warnte die japanische Meteorologiebehörde.",Japan: Earthquake off Hokkaido triggers tsunami warning. A tsunami warning has been issued for northeastern Japan following a severe earthquake off the coast. The Japanese meteorological agency warned that the wave could reach a height of up to three meters.,Iaponia: Terraemotus off Hokkaido triggers tsunami admonitio. Monitum tsunami denuntiatum est de Iaponia septentrionali secundum gravem terrae motum in litore. Procuratio meteorologica Iaponica monuit undam altitudinem usque ad tria metra pertingere posse.,2025-12-11 03:47:08+00:00
cf3565a513cd78f8ea810736ce1f2f69,2025-12-08T16:29:18Z,'Tsunami Warnung',www.zeit.de,de,0.9,Japan: Tsunami-Warnung nach schwerem Erdbeben vor Japans Küste ausgegeben,"Vor der Küste Japans hat sich ein Erdbeben der Stärke 7,6 ereignet. Es wurde eine Tsunami-Warnung ausgegeben, in einigen Regionen gibt es Evakuierungen.",https://www.zeit.de/gesellschaft/zeitgeschehen/2025-12/japan-tsunami-warnung-evakuierung,https://img.zeit.de/gesellschaft/zeitgeschehen/2025-12/japan-tsunami-warnung-evakuierung-bild/wide__1300x731,,"Nach einem schweren Erdbeben
vor der Pazifikküste Japans hat die japanische Wetterbehörde (JMA) eine Tsunami-Warnung für den
Nordosten des Landes ausgegeben. Bis zu drei
Meter hohe Wellen könnten … [+521 chars]",,"Japan: Tsunami-Warnung nach schwerem Erdbeben vor Japans Küste ausgegeben. Vor der Küste Japans hat sich ein Erdbeben der Stärke 7,6 ereignet. Es wurde eine Tsunami-Warnung ausgegeben, in einigen Regionen gibt es Evakuierungen.",Japan: Tsunami warning issued after severe earthquake off Japan's coast. A magnitude 7.6 earthquake occurred off the coast of Japan. A tsunami warning has been issued and there are evacuations in some regions.,Iaponia: Tsunami monitum post gravem terrae motum oram Iaponiae interiit. Magnitudo 7.6 terrae motus in litore Iaponiae factus est. Monitio tsunami edita est et purgationes in regionibus quibusdam sunt.,2025-12-11 03:47:08+00:00
a9cdf3e7469624ed256c7e5407b77135,2025-12-08T17:40:37Z,'Tsunami Evakuierung',www.stern.de,de,0.9,Unwetter: Japan warnt nach Erdbeben vor Tsunami - Krisenstab übernimmt,Vor der Küste Japans kommt es zu einem schweren Erdbeben in einer Tiefe von 50 Kilometern. Die Behörden warnen vor bis zu drei Meter hohen Wellen. Erste Gemeinden ordneten Evakuierungen an.,https://www.stern.de/panorama/unwetter--japan-warnt-nach-erdbeben-vor-tsunami---krisenstab-uebernimmt-36940868.html,https://image.stern.de/36941312/t/cz/v1/w1440/r1.7778/-/08--4tgtfc7runv2axs2048jpeg---cedcf391196f1a2a.jpg,,"Kopiere den aktuellen Link
Zur Merkliste hinzufügen
Vor der Küste Japans kommt es zu einem schweren Erdbeben in einer Tiefe von 50 Kilometern. Die Behörden warnen vor bis zu drei Meter hohen Wellen… [+1763 chars]",,Unwetter: Japan warnt nach Erdbeben vor Tsunami - Krisenstab übernimmt. Vor der Küste Japans kommt es zu einem schweren Erdbeben in einer Tiefe von 50 Kilometern. Die Behörden warnen vor bis zu drei Meter hohen Wellen. Erste Gemeinden ordneten Evakuierungen an.,Storm: Japan warns of tsunami after earthquake - crisis team takes over. A severe earthquake occurs off the coast of Japan at a depth of 50 kilometers. The authorities warn of waves up to three meters high. The first communities ordered evacuations.,Tempestas: Iaponia monet de tsunami post terrae motum - discrimen quadrigis occupat. Terrae motus gravis in oram Iaponiae in altitudinem 50 chiliometrorum occurrit. Auctoritates fluctus usque ad tria metra alta monent. Primae communitates evacuationes ordinantur.,2025-12-11 03:47:08+00:00
217557fabb32476bd0d01ee5120e7821,2025-12-08T20:57:00Z,'Tsunami',www.stern.de,de,0.9,"Stärke 7,6: Schweres Erdbeben vor Japan – erste vorsichtige Entwarnung","Ein schweres Erdbeben erschüttert den Norden Japans. Auf der Richterskala erreicht es eine Stärke von 7,6. Die Behörden warnen vor Tsunami-Wellen.",https://www.stern.de/panorama/weltgeschehen/japan--schweres-erdbeben-im-norden-des-landes---vorsichtige-entwarnung-36940686.html,https://image.stern.de/36940806/t/Il/v2/w1440/r1.7778/-/japan-erdbeben-tsunami.jpg,,"Kopiere den aktuellen Link
Zur Merkliste hinzufügen
Ein Erdbeben der Stärke 7,6 erschüttert den Norden Japans. Behörden warnten vor Tsunamis. Doch so schlimm wie befürchtet kommt es wohl nicht.
Na… [+2211 chars]",,"Stärke 7,6: Schweres Erdbeben vor Japan – erste vorsichtige Entwarnung. Ein schweres Erdbeben erschüttert den Norden Japans. Auf der Richterskala erreicht es eine Stärke von 7,6. Die Behörden warnen vor Tsunami-Wellen.",Magnitude 7.6: Severe earthquake off Japan – first cautious all-clear. A severe earthquake shakes northern Japan. On the Richter scale it reaches a magnitude of 7.6. Authorities warn of tsunami waves.,Magnitudo 7.6: Gravis terrae motus de Iaponia – cautus primus omnium patet. Gravis terrae motus Iaponiam septentrionalem quatit. In libra Richter ad magnitudinem 7.6 pervenit. Auctoritates de tsunami fluctus monent.,2025-12-11 03:47:08+00:00
26c003f566e2982c246b5795ec4cea2d,2025-12-08T22:08:42Z,'Tsunami',www.faz.net,de,0.9,Erste Entwarnung: Tsunami-Warnstufe nach Erdbeben in Japan gesenkt,"Vor der Küste Japans kommt es zu einem schweren Erdbeben, mehrere Menschen werden verletzt. Die Behörden warnen zunächst vor bis zu drei Meter hohen Wellen. Jetzt gibt es erste Entwarnung.",https://www.faz.net/aktuell/gesellschaft/tsunami-warnstufe-nach-erdbeben-in-japan-gesenkt-accg-200338126.html,https://media0.faz.net/image/w1200h627/8fd3222df598/w3679h1922x0y335o/202512/43601.0.1563134965/ein-schild-informiert-ueber.webp,,Nach einem schweren Erdbeben vor der Küste Japans warnen die zuständigen Behörden vor einem Tsunami mit bis zu einem Meter hohen Wellen. Zunächst war die japanische Meteorologie-Behörde sogar von bis… [+2022 chars],,"Erste Entwarnung: Tsunami-Warnstufe nach Erdbeben in Japan gesenkt. Vor der Küste Japans kommt es zu einem schweren Erdbeben, mehrere Menschen werden verletzt. Die Behörden warnen zunächst vor bis zu drei Meter hohen Wellen. Jetzt gibt es erste Entwarnung.","First all-clear: Tsunami warning level lowered after earthquake in Japan. A severe earthquake occurs off the coast of Japan, injuring several people. The authorities initially warn of waves up to three meters high. Now there is the first all-clear.","Primum omnium patet: Tsunami admonitio gradum deposuit post terrae motum in Iaponia. Terrae motus gravis in oram Iaponiae occurrit, plures homines laedens. Auctoritates initio monent fluctuum usque ad tria metra alta. Est autem omnium primum manifesta.",2025-12-11 03:47:08+00:00
e6ecb19bb7e3e90c5950e094c74bf41d,2025-12-08T23:23:00Z,'Tsunami',www.stern.de,de,0.9,"Stärke 7,6: Nach schwerem Erdbeben: Japan hebt Tsunami-Warnung auf","Ein schweres Erdbeben hat den Norden Japans erschüttert. Auf der Richterskala erreicht es eine Stärke von 7,6. Doch die Tsunami-Gefahr scheint gebannt.",https://www.stern.de/panorama/weltgeschehen/japan--tsunami-warnung-nach-schwerem-erdbeben-aufgehoben-36940686.html,https://image.stern.de/36940806/t/Il/v2/w1440/r1.7778/-/japan-erdbeben-tsunami.jpg,,"Kopiere den aktuellen Link
Zur Merkliste hinzufügen
Ein Erdbeben der Stärke 7,6 erschüttert den Norden Japans. Behörden warnten zunächst vor Tsunamis. Inzwischen hat sich die Lage entspannt.
Die i… [+1398 chars]",,"Stärke 7,6: Nach schwerem Erdbeben: Japan hebt Tsunami-Warnung auf. Ein schweres Erdbeben hat den Norden Japans erschüttert. Auf der Richterskala erreicht es eine Stärke von 7,6. Doch die Tsunami-Gefahr scheint gebannt.",Magnitude 7.6: After a severe earthquake: Japan lifts tsunami warning. A severe earthquake has shaken northern Japan. On the Richter scale it reaches a magnitude of 7.6. But the tsunami danger appears to have been averted.,Magnitudo 7.6: Post terrae motus gravis: Iaponia tsunami admonitionem erigit. Gravis terrae motus Iaponiam septentrionalem concussit. In libra Richter ad magnitudinem 7.6 pervenit. Sed periculum tsunami dempta videtur.,2025-12-11 03:47:08+00:00
ca1b98ff93efa7ff019fd941119b3698,2025-12-09T01:42:07Z,'Tsunami',www.welt.de,de,0.9,"Tsunami-Warnung aufgehoben, über 30 Verletzte und ein Brand",Im Nordosten Japans ereignet sich ein heftiges Erdbeben. Stunden später scheint die Tsunami-Gefahr zwar gebannt. Doch Experten befürchten ein weiteres starkes Beben in den kommenden Tagen. Die infolge eines schweren Erdbebens im Nordosten Japans ausgegebene T…,https://www.welt.de/politik/ausland/article69377d1c11f914c89b857318/nach-beben-in-japan-tsunami-warnung-aufgehoben-ueber-30-verletzte-und-ein-brand.html,https://images.welt.de/69377d1c11f914c89b857318/bed963d1fca6069371c40a8ced5b7ceb-master/ci16x9-w1200/afp-87gu6ce-jpg,,"Im Nordosten Japans ereignet sich ein heftiges Erdbeben. Stunden später scheint die Tsunami-Gefahr zwar gebannt. Doch Experten befürchten ein weiteres starkes Beben in den kommenden Tagen.
Die infol… [+1087 chars]",,"Tsunami-Warnung aufgehoben, über 30 Verletzte und ein Brand. Im Nordosten Japans ereignet sich ein heftiges Erdbeben. Stunden später scheint die Tsunami-Gefahr zwar gebannt. Doch Experten befürchten ein weiteres starkes Beben in den kommenden Tagen. Die infolge eines schweren Erdbebens im Nordosten Japans ausgegebene T…","Tsunami warning lifted, over 30 injured and a fire. A violent earthquake occurs in northeastern Japan. Hours later, the tsunami threat appears to have been averted. But experts fear another strong earthquake in the coming days. The T...","Tsunami monitus levavit, super 30 ignem vulneravit. Terrae motus violentus in Iaponia septentrionali oritur. Horae post, comminatio tsunami aversa esse videtur. Sed periti timent alium terrae motum validum in futuro tempore. The T.",2025-12-11 03:47:08+00:00
e5a96d8c987f432876c99e047f2192af,2025-12-09T07:41:13Z,'Tsunami',www.tagesschau.de,de,0.9,Mindestens 30 Verletzte durch Erdbeben in Japan,"Regierungschefin Takaichi ruft zur Vorsicht auf: Bei dem Erdbeben der Stärke 7,5 sind im Norden Japans mindestens 30 Menschen verletzt worden. Eine Tsunami-Warnung aber aufgehoben.",https://www.tagesschau.de/ausland/asien/japan-erdbeben-hokkaido-tsunamiwarnung-102.html,https://images.tagesschau.de/image/a68fce26-0529-4447-8967-8f063052b726/AAABmwIOp2c/AAABmt42H9g/16x9-big/erdbeben-japan-178.jpg?width=1280,http://web.archive.org/web/20251210142025/https://www.tagesschau.de/ausland/asien/japan-erdbeben-hokkaido-tsunamiwarnung-102.html,"Stand: 09.12.2025 08:41 Uhr
Regierungschefin Takaichi ruft zur Vorsicht auf: Bei dem Erdbeben der Stärke 7,5 sind im Norden Japans mindestens 30 Menschen verletzt worden. Eine Tsunami-Warnung aber a… [+1190 chars]",,"Mindestens 30 Verletzte durch Erdbeben in Japan. Regierungschefin Takaichi ruft zur Vorsicht auf: Bei dem Erdbeben der Stärke 7,5 sind im Norden Japans mindestens 30 Menschen verletzt worden. Eine Tsunami-Warnung aber aufgehoben.",At least 30 injured by earthquake in Japan. Prime Minister Takaichi calls for caution: At least 30 people were injured in the 7.5 magnitude earthquake in northern Japan. But a tsunami warning was lifted.,Saltem XXX terrae motu in Iaponia laesa sunt. Primus minister Takaichi cautelam vocat: Saltem XXX homines in magnitudine terrae motus in Iaponia septentrionali 7.5 vulnerati sunt. Sed tsunami admonitio sublata est.,2025-12-11 03:47:08+00:00
be097a23dc8a5c446ba7f8db7d64c3c0,2025-12-09T09:26:00Z,'Tsunami',www.gameswelt.de,de,0.9,Monster Hunter - Showcase aufgrund von Tsunami verschoben,"Eigentlich sollte gestern ein Showcase zu Monster Hunter stattfinden, aber die Natur machte Capcom einen gewaltigen Strich durch die Rechnung.",https://www.gameswelt.de/monster-hunter-wilds/news/showcase-aufgrund-von-tsunami-verschoben-332488,https://img.gameswelt.de/public/images/202312/c578cf0f67921242a0983b5fe7e232cb.png,,"Eigentlich sollte gestern ein Showcase zu Monster Hunter stattfinden, aber die Natur machte Capcom einen gewaltigen Strich durch die Rechnung. Ein starkes Erdbeben nebst Tsunami-Warnung ist dafür all… [+1478 chars]",,"Monster Hunter - Showcase aufgrund von Tsunami verschoben. Eigentlich sollte gestern ein Showcase zu Monster Hunter stattfinden, aber die Natur machte Capcom einen gewaltigen Strich durch die Rechnung.","Monster Hunter - Showcase postponed due to tsunami. A Monster Hunter showcase was supposed to take place yesterday, but nature threw a huge wrench in Capcom's plans.","Monstrum Venator - Tabs differtur ex tsunami. Monstrum Venator showcase putabatur heri evenire, sed natura ingens clavis in Capcom consiliis iaciebat.",2025-12-11 03:47:08+00:00
95741a728fe505c1bfa27be93db754e7,2025-12-09T09:29:14Z,'Tsunami Warnung',www.welt.de,de,0.9,Tsunamis bleiben aus – Japan von heftigen Erdbeben erschüttert,"Nach dem schweren Erdbeben der Stärke 7,5 im Nordosten Japans wurde die Tsunami-Warnung aufgehoben. Berichte sprechen von 30 Verletzten und Wohnhausbränden. Experten warnen vor weiteren starken Beben in den kommenden Tagen.",https://www.welt.de/vermischtes/video6937c0d511f914c89b85757e/ueber-30-verletzte-tsunamis-bleiben-aus-japan-von-heftigen-erdbeben-erschuettert.html,https://images.welt.de/6937c0d511f914c89b85757e/e19a85d55550ca916d6f4152778ab7b4-master/ci16x9-w1200/dpa-com-20090101-251209-99-873267-jpg,,"Nach dem schweren Erdbeben der Stärke 7,5 im Nordosten Japans wurde die Tsunami-Warnung aufgehoben. Berichte sprechen von 30 Verletzten und Wohnhausbränden. Experten warnen vor weiteren starken Beben… [+83 chars]",,"Tsunamis bleiben aus – Japan von heftigen Erdbeben erschüttert. Nach dem schweren Erdbeben der Stärke 7,5 im Nordosten Japans wurde die Tsunami-Warnung aufgehoben. Berichte sprechen von 30 Verletzten und Wohnhausbränden. Experten warnen vor weiteren starken Beben in den kommenden Tagen.",There are no tsunamis – Japan is shaken by violent earthquakes. The tsunami warning has been lifted following the severe 7.5 magnitude earthquake in northeastern Japan. Reports speak of 30 injuries and house fires. Experts warn of further strong earthquakes in the coming days.,Nullae tsunamis - terrae motibus violentis concussa est Iaponia. Monitum tsunami post gravem 7.5 magnitudinem terrae motus in Iaponia septentrionali elevatus est. 30 Renuntiationes iniuriarum et domus incendia loquuntur. Etiam periti monent terrae motus validi in futuro tempore.,2025-12-11 03:47:08+00:00
19034e7c730200643ef55e89266f31fc,2025-12-09T10:31:00Z,'Tsunami',www.pcgames.de,de,0.9,Monster Hunter Wilds: Showcase nach Tsunamiwarnung in Japan verschoben,Eigentliche hatte Capcom für heute einen Showcase zu Monster Hunter Wilds geplant. Durch die Tsunamiwarnung wurde dieser allerdings verschoben.,https://www.pcgames.de/Monster-Hunter-Wilds-Spiel-74697/News/Showcase-verschoben-Tsunamiwarnung-Japan-1488598/,https://www.pcgames.de/screenshots/original/2025/06/Monster-Hunter-Wilds-Titel-Update-2-Aufmacher-pc-games_artwork3.jpg,,"Im Norden Japans hat in der Nacht vom 8. auf den 9. Dezember, also bei uns am vergangenen Nachmittag, die Erde gebebt. Da sich das Erdbeben der Stufe 7,5 vor der Küste der nördlichen Präfektur Aomori… [+2069 chars]",,Monster Hunter Wilds: Showcase nach Tsunamiwarnung in Japan verschoben. Eigentliche hatte Capcom für heute einen Showcase zu Monster Hunter Wilds geplant. Durch die Tsunamiwarnung wurde dieser allerdings verschoben.,"Monster Hunter Wilds: Showcase postponed after tsunami warning in Japan. Capcom actually had a showcase for Monster Hunter Wilds planned for today. However, this was postponed due to the tsunami warning.",Monstrum Hunter Wilds: Showcase dilati post tsunami monitionem in Iaponia. Capcom spectaculum in actu habuit pro Monster Hunter Wilds pro hodie cogitavit. Sed haec dilatio ob tsunami admonitionem.,2025-12-11 08:55:56+00:00
3673dbb4e5b0ea875c61994e5283427c,2025-12-08T15:10:16Z,'Tsunami',www.zeit.de,de,0.9,Unwetter: Japan warnt nach Erdbeben vor Tsunami,Hier finden Sie Informationen zu dem Thema „Unwetter“. Lesen Sie jetzt „Japan warnt nach Erdbeben vor Tsunami“.,https://www.zeit.de/news/2025-12/08/japan-warnt-nach-erdbeben-vor-tsunami,https://img.zeit.de/news/2025-12/08/japan-warnt-nach-erdbeben-vor-tsunami-image-group/wide__1300x731,,Nach einem schweren Erdbeben vor der Küste Japans warnen die zuständigen Behörden vor einem Tsunami mit bis zu drei Meter hohen Wellen. Das teilte die japanische Meteorologie-Behörde mit. Das Erdbebe… [+246 chars],,Unwetter: Japan warnt nach Erdbeben vor Tsunami. Hier finden Sie Informationen zu dem Thema „Unwetter“. Lesen Sie jetzt „Japan warnt nach Erdbeben vor Tsunami“.,Storm: Japan warns of tsunami after earthquake. Here you will find information on the topic of “storms”. Now read “Japan warns of tsunami after earthquake”.,"Tempestas: Iaponia monet de tsunami post terrae motum. Hic informationes invenies in argumento ""procellae"". Nunc legere ""Iaponia admonet de tsunami post terrae motum"".",2025-12-12 20:47:09+00:00
b52178eb4bbb0afdb33ef5810a988820,2025-12-08T15:10:16Z,'Tsunami',www.stern.de,de,0.9,Unwetter: Japan warnt nach Erdbeben vor Tsunami,Tokio - Nach einem schweren Erdbeben vor der Küste Japans warnen die zuständigen Behörden vor einem Tsunami mit bis zu drei Meter hohen Wellen. Das,https://www.stern.de/panorama/unwetter--japan-warnt-nach-erdbeben-vor-tsunami-36940868.html,https://image.stern.de/36940870/t/HE/v1/w1440/r1.7778/-/08--insbb5aaxnv6axs2048jpeg---84c6665d41eb731b.jpg,,"Kopiere den aktuellen Link
Zur Merkliste hinzufügen
Vor der Küste Japans kommt es zu einem schweren Erdbeben. Die Behörden warnen vor bis zu drei Meter hohen Wellen.
Nach einem schweren Erdbeben v… [+375 chars]",,Unwetter: Japan warnt nach Erdbeben vor Tsunami. Tokio - Nach einem schweren Erdbeben vor der Küste Japans warnen die zuständigen Behörden vor einem Tsunami mit bis zu drei Meter hohen Wellen. Das,"Storm: Japan warns of tsunami after earthquake. Tokyo - After a severe earthquake off the coast of Japan, the responsible authorities are warning of a tsunami with waves up to three meters high. The",Tempestas: Iaponia monet de tsunami post terrae motum. Tokyo - Post gravem motum terrae oram Iaponiae auctores authores monuerunt de tsunami fluctibus usque ad tria metra alta. The,2025-12-12 20:47:09+00:00
e6bdb98598b27abf7f7a53cb2ba4aeeb,2025-12-08T15:11:20Z,'Tsunami',www.tagesspiegel.de,de,0.9,Unwetter: Japan warnt nach Erdbeben vor Tsunami,Vor der Küste Japans kommt es zu einem schweren Erdbeben. Die Behörden warnen vor bis zu drei Meter hohen Wellen.,https://www.tagesspiegel.de/gesellschaft/panorama/unwetter-japan-warnt-nach-erdbeben-vor-tsunami-15031673.html,https://www.tagesspiegel.de/images/15031672/alternates/BASE_16_9_W1400/1765206680000/taifun-in-japan.jpeg,,Nach einem schweren Erdbeben vor der Küste Japans warnen die zuständigen Behörden vor einem Tsunami mit bis zu drei Meter hohen Wellen. Das teilte die japanische Meteorologie-Behörde mit. Das Erdbebe… [+300 chars],,Unwetter: Japan warnt nach Erdbeben vor Tsunami. Vor der Küste Japans kommt es zu einem schweren Erdbeben. Die Behörden warnen vor bis zu drei Meter hohen Wellen.,Storm: Japan warns of tsunami after earthquake. A severe earthquake occurs off the coast of Japan. The authorities warn of waves up to three meters high.,Tempestas: Iaponia monet de tsunami post terrae motum. Terrae motus gravis in litore Iaponiae occurrit. Auctoritates fluctus usque ad tria metra alta monent.,2025-12-12 20:47:09+00:00
4c3cf78627c940a2884df78dc3309bf8,2025-12-11T08:50:00Z,'Tsunami',www.gameswelt.de,de,0.9,Monster Hunter Wilds - Showcase zu Title Update 4 nachgeholt,"Anfang der Woche musste ein Showcase zu Monster Hunter wegen einer Tsunami-Warnung abgesagt werden, nun hat Capcom es nachgeholt.",https://www.gameswelt.de/monster-hunter-wilds/news/showcase-zu-title-update-4-nachgeholt-332513,https://img.gameswelt.de/public/images/202312/c578cf0f67921242a0983b5fe7e232cb.png,,"Titel-Update 4 zu Monster Hunter Wilds erscheint am 16. Dezember 2025 für alle Plattformen und bringt eine Reihe von neuen Features, die sowohl Veteranen als auch motivierte Neujäger begeistern solle… [+1846 chars]",,"Monster Hunter Wilds - Showcase zu Title Update 4 nachgeholt. Anfang der Woche musste ein Showcase zu Monster Hunter wegen einer Tsunami-Warnung abgesagt werden, nun hat Capcom es nachgeholt.","Monster Hunter Wilds - Showcase for Title Update 4 rescheduled. At the beginning of the week, a showcase for Monster Hunter had to be canceled due to a tsunami warning, but now Capcom has made up for it.","Monstrum Venator Wilds - Showcase pro Title Update 4 rescheduled. Ineunte hebdomade, spectaculum Monster Venatoris ob tsunami admonitionem remissum erat, nunc Capcom pro eo effecit.",2025-12-12 20:47:09+00:00
133287cb5367a6987f9a52ae8790836c,2025-12-12T03:36:51Z,'Tsunami',www.morgenpost.de,de,0.9,"Zweites Erdbeben in einer Woche: Beben der Stärke 6,7 erschüttert Japan",Innerhalb weniger Tage erschüttert ein weiteres starkes Erdbeben Japans Norden. Die Meteorologiebehörde hat erneut eine Tsunami-Warnung herausgegeben.,https://www.morgenpost.de/panorama/article410687985/zweites-erdbeben-in-einer-woche-beben-der-staerke-67-erschuettert-japan.html,https://img.sparknews.funkemedien.de/410687984/410687984_1765510479_v16_9_1600.jpeg,,"Der Norden Japans ist von einem Erdbeben der Stärke 6,7 erschüttert worden. Die japanische Meteorologiebehörde gab am Freitag eine Warnung vor bis zu einem Meter hohen Tsunamiwellen heraus.
Die Regi… [+264 chars]",,"Zweites Erdbeben in einer Woche: Beben der Stärke 6,7 erschüttert Japan. Innerhalb weniger Tage erschüttert ein weiteres starkes Erdbeben Japans Norden. Die Meteorologiebehörde hat erneut eine Tsunami-Warnung herausgegeben.","Second earthquake in a week: magnitude 6.7 quake shakes Japan. Within a few days, another strong earthquake shakes northern Japan. The meteorological agency has issued another tsunami warning.",Terrae motus secundus in hebdomada: magnitudo 6.7 commotio Iaponiae quatit. Paucis diebus alius fortis terrae motus Iaponiam septentrionalem quatit. Procuratio meteorologica aliam tsunami admonitionem edidit.,2025-12-14 08:50:06+00:00
9f5fb129c434fe6e146b4f0622e9995a,2025-12-12T10:32:38Z,'Tsunami',www.stern.de,de,0.9,Erdbeben: Auch Großraum Tokio von Erdbeben erschüttert,"Die Erde in Japan kommt nicht zur Ruhe. Erneut kommt es zu einem Erdbeben, diesmal trifft es den Großraum Tokio. Eine Tsunami-Gefahr besteht jedoch zum Glück nicht.",https://www.stern.de/panorama/erdbeben--auch-grossraum-tokio-von-erdbeben-erschuettert-36955622.html,https://image.stern.de/36955624/t/gg/v1/w1440/r1.7778/-/12--mznt7mpi35v5axs2048jpeg---0cf728e9021b6062.jpg,,"Kopiere den aktuellen Link
Zur Merkliste hinzufügen
Die Erde in Japan kommt nicht zur Ruhe. Erneut kommt es zu einem Erdbeben, diesmal trifft es den Großraum Tokio. Eine Tsunami-Gefahr besteht jedo… [+1176 chars]",,"Erdbeben: Auch Großraum Tokio von Erdbeben erschüttert. Die Erde in Japan kommt nicht zur Ruhe. Erneut kommt es zu einem Erdbeben, diesmal trifft es den Großraum Tokio. Eine Tsunami-Gefahr besteht jedoch zum Glück nicht.","Earthquake: Greater Tokyo area also shaken by earthquake. The earth in Japan does not rest. Another earthquake occurs, this time it hits the greater Tokyo area. Fortunately, there is no risk of a tsunami.","Terrae motus: Maior Tokyo regio etiam terrae motu concussa est. In eleifend tellus non posuere. Alius terrae motus incidit, hoc tempore maiorem Tokyo regionem pervenit. Fortunate nullum periculum tsunami.",2025-12-17 08:57:22+00:00
e12f04c9c5c4bcceb650cfdfdab8d3ea,2025-12-12T10:33:48Z,'Tsunami',www.tagesspiegel.de,de,0.9,Erdbeben: Auch Großraum Tokio von Erdbeben erschüttert,"Die Erde in Japan kommt nicht zur Ruhe. Erneut kommt es zu einem Erdbeben, diesmal trifft es den Großraum Tokio. Eine Tsunami-Gefahr besteht jedoch zum Glück nicht.",https://www.tagesspiegel.de/gesellschaft/panorama/erdbeben-auch-grossraum-tokio-von-erdbeben-erschuttert-15045481.html,https://www.tagesspiegel.de/images/15045480/alternates/BASE_16_9_W1400/1765535628000/tokio.jpeg,,"Ein Erdbeben hat den Großraum der japanischen Hauptstadt Tokio erschüttert. Gefahr durch einen Tsunami infolge der Erschütterung der Stärke 4,9 bestand jedoch nach Angaben der nationalen Wetterbehörd… [+1050 chars]",,"Erdbeben: Auch Großraum Tokio von Erdbeben erschüttert. Die Erde in Japan kommt nicht zur Ruhe. Erneut kommt es zu einem Erdbeben, diesmal trifft es den Großraum Tokio. Eine Tsunami-Gefahr besteht jedoch zum Glück nicht.","Earthquake: Greater Tokyo area also shaken by earthquake. The earth in Japan does not rest. Another earthquake occurs, this time it hits the greater Tokyo area. Fortunately, there is no risk of a tsunami.","Terrae motus: Maior Tokyo regio etiam terrae motu concussa est. In eleifend tellus non posuere. Alius terrae motus incidit, hoc tempore maiorem Tokyo regionem pervenit. Fortunate nullum periculum tsunami.",2025-12-17 08:57:22+00:00
3b9103afff0235eb7b713c34be5898b6,2025-12-08T14:49:49Z,'Seebeben',www.bild.de,de,0.6,Streifenwagen überschlägt sich - Polizist stirbt bei Unfall,"Ein tragischer Unfall bei Titisee fordert das Leben eines Polizisten. Ursache noch unklar, Ermittlungen laufen.",https://www.bild.de/regional/baden-wuerttemberg/streifenwagen-ueberschlaegt-sich-polizist-stirbt-bei-unfall-6936c9a89f2b81ad2aca0447,"https://images.bild.de/6936c9a89f2b81ad2aca0447/3957af9ff6bd347a8fc25cdfcd62fb37,489d4cf?w=1280",,"+++Tsunami-Warnung nach starkem Seebeben in Japan!
+++Tsunami-Warnung nach starkem Seebeben in Japan!
+++Tsunami-Warnung nach starkem Seebeben in Japan!
+++Tsunami-Warnung nach starkem Seebeben in… [+318 chars]",,"Streifenwagen überschlägt sich - Polizist stirbt bei Unfall. Ein tragischer Unfall bei Titisee fordert das Leben eines Polizisten. Ursache noch unklar, Ermittlungen laufen.","Patrol car rolls over - police officer dies in accident. A tragic accident near Titisee claims the life of a police officer. The cause is still unclear, investigations are ongoing.","Patrol car volvitur - praefectus vigilum in casu moritur. Accidens tragicum prope Titisee vitam vigilum affirmat. Causa adhuc obscura est, investigationes continuae sunt.",2025-12-17 20:48:56+00:00
ec3ef210403e2005a29cfa1a926ffdb8,2025-12-08T14:52:45Z,'Tsunami Frühwarnsystem',www.bild.de,de,0.3,Bekannte Namen auf der Liste - Das ist Dynamos geheimer Transferplan,Dresdens Sportchef-Suche stockt. Darum werden Wintereinkäufe ohne neuen Boss vorbereitet.,https://www.bild.de/sport/fussball/dynamo-dresden-bekannte-namen-auf-der-liste-das-ist-dynamos-geheimer-transferplan-6936c3389fdbd0e9faaa4e9b,"https://images.bild.de/6936c3389fdbd0e9faaa4e9b/691a2919a8516fafb7cb07241e19aaee,1ea06c32?w=1280",,"+++Tsunami-Warnung nach starkem Seebeben in Japan!
+++Tsunami-Warnung nach starkem Seebeben in Japan!
+++Tsunami-Warnung nach starkem Seebeben in Japan!
+++Tsunami-Warnung nach starkem Seebeben in… [+318 chars]",,Bekannte Namen auf der Liste - Das ist Dynamos geheimer Transferplan. Dresdens Sportchef-Suche stockt. Darum werden Wintereinkäufe ohne neuen Boss vorbereitet.,Well-known names on the list - This is Dynamo's secret transfer plan. Dresden's search for a sports director is stalling. That's why winter shopping is being prepared without a new boss.,Nota nomina in indice - Hoc consilium translatio secreta Dynamonis est. Quaesitum est Dresden pro directorio gymnasiorum redimitum. Quam ob rem shopping hiemalis sine nova bulla paratur.,2025-12-18 03:45:19+00:00
906c47f6025c7d3968dfa95ce5f0264f,2025-12-03T10:29:48Z,'Tsunami Tote',orf.at,de,0.3,Mehr als 750 Tote durch Hochwasser,"Auf der Insel Sumatra sind bei Überschwemmungen und Erdrutschen in den letzten Tagen mehr als 750 Menschen ums Leben gekommen, wie indonesische Medien am Mittwoch berichtet haben. Hunderte weitere werden vermisst. Schwerpunkt ist die nördliche Provinz Aceh, s…",https://orf.at/stories/3413306/,https://ibs.orf.at/news?image=https%3A%2F%2Fassets.orf.at%2Fmims%2F2025%2F49%2F48%2Fcrops%2Fw%3D1200%2Ch%3D630%2Cq%3D75%2F2854858_master_1102448_sumatra_ueberschwemmungen_aceh_afp.jpg%3Fs%3Dc0a990e6200531b23029437be13c176147824a18,,"Ein Tropensturm und Hochwasser hatten bereits letzte Woche Hunderte Menschenleben in mehreren Ländern Südostasiens gefordert, darunter auch Thailand und Sri Lanka. Auf Sumatra stieg die Zahl der Tote… [+4380 chars]",,"Mehr als 750 Tote durch Hochwasser. Auf der Insel Sumatra sind bei Überschwemmungen und Erdrutschen in den letzten Tagen mehr als 750 Menschen ums Leben gekommen, wie indonesische Medien am Mittwoch berichtet haben. Hunderte weitere werden vermisst. Schwerpunkt ist die nördliche Provinz Aceh, s…","More than 750 dead from flooding. More than 750 people have died in floods and landslides on the island of Sumatra in recent days, Indonesian media reported on Wednesday. Hundreds more are missing. The focus is on the northern province of Aceh,...","Plusquam DCCL ex inundatione mortui. Plus quam 750 homines in inundationibus et prolapsionibus in insula Sumatra proximis diebus mortui sunt, media Indonesiaca die Mercurii nuntiata sunt. Centena plura desunt. Focus in provincia septentrionali Aceh,...",2025-12-18 08:56:40+00:00
8bac32a037aca0fbdafe511028a125f4,2025-12-12T11:55:00Z,'Tsunami Tote',www.freitag.de,de,0.3,"Ein Jahr nach dem Anschlag: Magdeburg zwischen Trauer, Angst und rechter Gewalt","Sechs Tote, Hunderte Verletzte und unzählige Betroffene: Die Amokfahrt vom 20. Dezember 2024 hinterlässt bis heute offene Wunden. Während Betroffene noch immer traumatisiert sind, nutzt die AfD die Tat für ihren Wahlkampf Magdeburg, Ende November. Das Lichter…",https://www.freitag.de/autoren/der-freitag/ein-jahr-nach-dem-anschlag-magdeburg-zwischen-trauer-angst-und-rechter-gewalt,https://www.freitag.de/autoren/der-freitag/ein-jahr-nach-dem-anschlag-magdeburg-zwischen-trauer-angst-und-rechter-gewalt/@@images/image/great,,"Magdeburg, Ende November. Das Lichterfest, ein jährlich wiederkehrendes überdimensionales Spektakel, leuchtet die Innenstadt aus. Der Weihnachtsmarkt wurde dann doch eröffnet, „still“, ohne Programm.… [+13176 chars]",,"Ein Jahr nach dem Anschlag: Magdeburg zwischen Trauer, Angst und rechter Gewalt. Sechs Tote, Hunderte Verletzte und unzählige Betroffene: Die Amokfahrt vom 20. Dezember 2024 hinterlässt bis heute offene Wunden. Während Betroffene noch immer traumatisiert sind, nutzt die AfD die Tat für ihren Wahlkampf Magdeburg, Ende November. Das Lichter…","One year after the attack: Magdeburg between grief, fear and right-wing violence. Six dead, hundreds injured and countless people affected: the rampage on December 20, 2024 still leaves open wounds to this day. While those affected are still traumatized, the AfD is using the crime for its Magdeburg election campaign at the end of November. The lights…","Uno anno post oppugnationem: Magdeburgum inter luctum, metum et violentiam cornu dextrum. Sex mortui, centenarii laesi et innumerabiles homines affecti sunt: ​​rampagina die 20 mensis Decembris anno 2024 adhuc vulnera aperta ad hunc diem relinquit. Dum affecti adhuc vulnerati sunt, AfD crimini utitur propter suam expeditionem Magdeburgensem in fine Novembris. Lumina…",2025-12-18 08:56:40+00:00
d42b483a542c620c8cb44654ca847887,2025-12-18T05:30:06Z,'Tsunami',www.stern.de,de,0.9,Drogenschmuggel: Weniger große Kokainfunde - Verlagerung nach Südwesteuropa?,"Wird der Schmuggel von Kokain nach Deutschland schwieriger? Mehrere Tonnen wurden im Juni weit vor dem Hamburger Hafen abgefangen. In Südwesteuropa spricht man derweil von einem ""weißen Tsunami"".",https://www.stern.de/panorama/drogenschmuggel--weniger-grosse-kokainfunde---verlagerung-nach-suedwesteuropa--36973260.html,https://image.stern.de/36973262/t/p2/v1/w1440/r1.7778/-/18--dpx52akjcbv12axs2048jpeg---8caac0ba57a4e9a3.jpg,,"Kopiere den aktuellen Link
Zur Merkliste hinzufügen
Wird der Schmuggel von Kokain nach Deutschland schwieriger? Mehrere Tonnen wurden im Juni weit vor dem Hamburger Hafen abgefangen. In Südwesteuro… [+4089 chars]",,"Drogenschmuggel: Weniger große Kokainfunde - Verlagerung nach Südwesteuropa?. Wird der Schmuggel von Kokain nach Deutschland schwieriger? Mehrere Tonnen wurden im Juni weit vor dem Hamburger Hafen abgefangen. In Südwesteuropa spricht man derweil von einem ""weißen Tsunami"".","Drug smuggling: fewer large cocaine discoveries - shift to southwest Europe?. Will smuggling cocaine into Germany become more difficult? Several tons were intercepted far off the port of Hamburg in June. In southwestern Europe, people are now talking about a “white tsunami”.","Medicamento smuggling: pauciora inventa cocaina magna - transferre ad Europam Africum ?. Adzariae cocainum in Germania difficilius fiet? Iunio portu Hamburgensi complures talenta longe intercepta sunt. In Europa australi, nunc homines de ""alba tsunami"" loquuntur.",2025-12-20 08:50:45+00:00
6edb2d96923bbf3e17d499fa75506ea9,2025-12-18T05:31:24Z,'Tsunami',www.tagesspiegel.de,de,0.9,Drogenschmuggel: Weniger große Kokainfunde - Verlagerung nach Südwesteuropa?,Wird der Schmuggel von Kokain nach Deutschland schwieriger? Mehrere Tonnen wurden im Juni weit vor dem Hamburger Hafen abgefangen. In Südwesteuropa spricht man derweil von einem „weißen Tsunami“.,https://www.tagesspiegel.de/gesellschaft/panorama/drogenschmuggel-weniger-grosse-kokainfunde-verlagerung-nach-sudwesteuropa-15061969.html,https://www.tagesspiegel.de/images/15061968/alternates/BASE_16_9_W1400/1766035884000/zollbeamte-im-hamburger-hafen.jpeg,,Auch im Jahr 2025 haben südamerikanische Drogenbanden tonnenweise Kokain nach Deutschland verschifft. Die womöglich größte Ladung wurde allerdings schon vor dem Zielhafen Hamburg abgefangen: Dank ein… [+3934 chars],,Drogenschmuggel: Weniger große Kokainfunde - Verlagerung nach Südwesteuropa?. Wird der Schmuggel von Kokain nach Deutschland schwieriger? Mehrere Tonnen wurden im Juni weit vor dem Hamburger Hafen abgefangen. In Südwesteuropa spricht man derweil von einem „weißen Tsunami“.,"Drug smuggling: fewer large cocaine discoveries - shift to southwest Europe?. Will smuggling cocaine into Germany become more difficult? Several tons were intercepted far off the port of Hamburg in June. In southwestern Europe, people are now talking about a “white tsunami”.","Medicamento smuggling: pauciora inventa cocaina magna - transferre ad Europam Africum ?. Adzariae cocainum in Germania difficilius fiet? Iunio portu Hamburgensi complures talenta longe intercepta sunt. In Europa australi, nunc homines de ""alba tsunami"" loquuntur.",2025-12-20 08:50:45+00:00
aaf4bce01222c006ebbf52e25b23984b,2025-12-18T08:27:28Z,'Tsunami',www.welt.de,de,0.9,Weniger große Kokainfunde im Hamburger Hafen – der Schmuggel verlagert sich,Wird der Schmuggel von Kokain nach Deutschland schwieriger? Mehrere Tonnen wurden im Juni weit vor dem Hamburger Hafen abgefangen. In Spanien und Frankreich spricht man nun von einem „weißen Tsunami“.,https://www.welt.de/regionales/hamburg/article6943b0dfcb169accae7fea13/drogenhandel-weniger-grosse-kokainfunde-im-hamburger-hafen-der-schmuggel-verlagert-sich.html,https://images.welt.de/6943b0dfcb169accae7fea13/c61feb0d45da623385d92a61390cda0c-master/ci16x9-w1200/dpa-com-20090101-251218-935-1027433-jpg,,Wird der Schmuggel von Kokain nach Deutschland schwieriger? Mehrere Tonnen wurden im Juni weit vor dem Hamburger Hafen abgefangen. In Spanien und Frankreich spricht man nun von einem weißen Tsunami.A… [+4033 chars],,Weniger große Kokainfunde im Hamburger Hafen – der Schmuggel verlagert sich. Wird der Schmuggel von Kokain nach Deutschland schwieriger? Mehrere Tonnen wurden im Juni weit vor dem Hamburger Hafen abgefangen. In Spanien und Frankreich spricht man nun von einem „weißen Tsunami“.,Fewer large cocaine discoveries in the port of Hamburg – smuggling is shifting. Will smuggling cocaine into Germany become more difficult? Several tons were intercepted far off the port of Hamburg in June. In Spain and France there is now talk of a “white tsunami”.,"Paucioribus magnis cocainis inventis in Hamburgensi portu - smuggling variatur. Adzariae cocainum in Germania difficilius fiet? Iunio portu Hamburgensi complures talenta longe intercepta sunt. In Hispania et Gallia nunc sermo est de ""tsunami albo"".",2025-12-22 08:56:15+00:00
